id,target_corrected
3,0
41,1
136,0
264,1
283,0
319,0
355,0
391,0
411,0
490,0
510,0
516,0
573,0
812,0
826,0
838,0
867,0
882,0
1041,0
1246,0
1535,0
1546,0
1626,0
1642,0
1652,0
1690,0
1772,0
1788,0
1830,0
1840,0
1900,0
1968,0
2038,0
2341,0
2503,0
2554,0
2565,0
2629,0
2665,0
2693,0
2775,0
2780,0
2781,0
3006,0
3085,0
3259,0
3377,0
3614,0
3979,0
3995,0
4025,0
4027,0
4032,0
4194,0
4234,0
4304,0
4432,0
4999,0
5032,0
5041,0
5087,0
5523,0
5891,0
5925,0
5940,0
5946,0
6053,0
6121,0
6200,0
6408,0
6571,0
6634,0
6660,0
7129,0
7390,0
7441,0
7490,0
7520,0
7699,0
8310,0
8546,0
9109,0
9397,0
9442,0
10271,0
10545,0
10683,0